{
	"name": "ZRecycling",
	"version": "0.15.5",
	"title": "Recycling Machines",
	"author": "DRY411S",
	"contact": "https://forums.factorio.com/ucp.php?i=pm&mode=compose&u=15698",
	"homepage": "https://github.com/DRY411S/Recycling-Machines",
	"description": "Recycling Machines that disassemble most items back into their recipe ingredients. The percentage of ingredients returned from Recycling is a mod setting. Default is 100%.",
	"factorio_version":"0.15",
	"dependencies": ["base >= 0.15.13"]
}