{
  "name": "inf_res",
  "version": "0.15.1",
  "title": "Infinite Resources",
  "author": "Noobrzor",
  "contact": "none",
  "homepage": "none",
  "description": "Stone/Coal/Iron/Copper/Uranium/Oil deposits are infinite and do not deplete. Mining speed is default, despite displayed yield over 100%. Oil extraction is dependant on richness of an oil field as in vanilla, however it will not drop below whatever yield it is found with.",
  "dependencies": ["base >= 0.15.0"],
  "factorio_version": "0.15"
}