{
  "name": "angelsrefining",
  "version": "0.8.1",
  "factorio_version": "0.15",
  "title": "Angel's Refining",
  "author": "Arch666Angel",
  "contact": "",
  "homepage": "https://forums.factorio.com/viewforum.php?f=185",
  "description": "With AngelsInfiniteOres it adds ore refining to the game. Compound ores have to be refined before you are able to smelt and cast them into plates. Works best in conjunction with Bobmods and supports additional mods like Yuoki Industries, Uranium Power and Nucular.",
  "dependencies": [
	"base >= 0.15.10",
	"? rso-mod >= 2.3.3",
	"? bobplates >= 0.15.0",
	"? bobrevamp >= 0.15.0", 
	"? Yuoki >= 0.4.0", 
	"? UraniumPower >= 0.6.4", 
	"? Nucular >= 0.2.0"
	]
}
