{
  "name": "SeablockTweaks",
  "version": "0.1.2",
  "factorio_version" : "0.15",
  "title": "Seablock Tweaks",
  "author": "Bilka",
  "homepage": "",
  "description": "Fixes science pack order in the tech screen and the order of the algae farms in the crafting screen and inventory. Also removes recipe unlocks for the unused oil refinery and water pump. Futhermore, it moves the electrolyzer unlock to the tech that unlocks its recipes.",
  "dependencies": ["base >= 0.15.32", "? SeaBlock >= 0.1.9", "? A Sea Block Config >= 0.1.2", "? ScienceCostTweaker >= 0.15.0", "? bobtech >= 0.15.3", "? bobwarfare >= 0.15.3", "? angelspetrochem", "? angelsrefining", "? bobplates", "? bobassembly"]
}
