{
  "name": "SeaBlock",
  "version": "0.1.10",
  "factorio_version": "0.15",
  "title": "Sea Block",
  "author": "Trainwreck",
  "homepage": "https://forums.factorio.com/viewtopic.php?t=43759",
  "description": "No ore patches, expand from a small island",
  "dependencies": [
    "base >= 0.15.0",
    "angelsbioprocessing >= 0.4.0",
    "angelsrefining >= 0.7.0",
    "angelspetrochem >= 0.5.0",
    "bobelectronics >= 0.15.0",
    "? A Sea Block Config >= 0.1.0",
    "? LandfillPainting >= 0.1.0",
    "? ScienceCostTweaker >= 0.15.0",
    "? SpaceMod >= 0.3.0"
  ]
}
