{
  "name": "dark-matter-replicators",
  "version": "0.7.5",
  "factorio_version": "0.15",
  "title": "Dark Matter Replicators",
  "author": "TempiDrachen (pre-0.3 versions by jamupsi)",
  "homepage": "https://mods.factorio.com/mods/TempiDrachen/dark-matter-replicators/discussion",
  "description": "This mod adds replicators, machines which can produce items using nothing but electricity. Lower tiers of replicators are the most energy efficient and can essentially transform depleted, empty land into a resource. Higher tier replicators can simplify production lines or otherwise act as a convenience. Tier 1 replicators can replace depleted mining drills, allowing your expansion to be for growth rather than necessity.",
  "dependencies": ["base >= 0.15.29", "? Factorissimo2 >= 2.1.8", "? Yuoki >= 0.5.71", "? Bio_Industries >= 1.7.1", "? bobores >= 0.15.6", "? bobplates >= 0.15.12", "? bobelectronics >= 0.15.3", "? boblogistics >= 0.15.6", "? bobwarfare >= 0.15.3", "? bobrevamp >= 0.15.4", "? aai-industry >= 0.1.11"]
}